Epoch Number,[Train] Seg Loss,Mean Dice,WT Dice,TC Dice,ET Dice,Best
1,2.1734,0.1211,0.1363,0.0919,0.1351,YES
2,2.0086,0.1492,0.1577,0.1158,0.1741,YES
3,1.9525,0.1813,0.1771,0.1558,0.2110,YES
4,1.8807,0.2065,0.1954,0.2127,0.2114,YES
5,1.8386,0.1696,0.1757,0.1400,0.1932,NO
6,1.7724,0.3336,0.2146,0.4075,0.3786,YES
7,1.7103,0.2344,0.1997,0.2711,0.2324,NO
8,1.6773,0.2671,0.1510,0.3368,0.3136,NO
9,1.6712,0.3432,0.3067,0.3741,0.3488,YES
10,1.6221,0.3781,0.2837,0.4146,0.4360,YES
11,1.5833,0.4252,0.2715,0.5040,0.5002,YES
12,1.5839,0.4010,0.3163,0.4582,0.4284,NO
13,1.5726,0.2502,0.1979,0.2843,0.2683,NO
14,1.5109,0.4798,0.3688,0.5272,0.5434,YES
15,1.5343,0.4778,0.3479,0.5277,0.5578,NO
16,1.4972,0.2949,0.2250,0.3506,0.3091,NO
17,1.5304,0.4565,0.3860,0.4835,0.5000,NO
18,1.5056,0.5036,0.4572,0.5364,0.5172,YES
19,1.4732,0.4094,0.3326,0.4657,0.4299,NO
20,1.4706,0.4652,0.2580,0.5794,0.5582,NO
21,1.4887,0.3890,0.2868,0.4508,0.4293,NO
22,1.4099,0.4388,0.3515,0.4997,0.4652,NO
23,1.4967,0.3998,0.3313,0.4452,0.4230,NO
24,1.4369,0.3602,0.2687,0.4074,0.4046,NO
25,1.3807,0.5310,0.3090,0.6567,0.6273,YES
26,1.3997,0.4916,0.3889,0.5569,0.5289,NO
27,1.3756,0.4199,0.3722,0.4040,0.4834,NO
28,1.3784,0.4436,0.2084,0.4987,0.6237,NO
29,1.3494,0.4419,0.2740,0.5376,0.5140,NO
30,1.3906,0.4770,0.3892,0.4931,0.5488,NO
31,1.3190,0.3911,0.3092,0.4373,0.4267,NO
32,1.3474,0.5172,0.3544,0.5906,0.6066,NO
33,1.3294,0.5197,0.4199,0.5733,0.5659,NO
34,1.3630,0.5856,0.4390,0.6642,0.6536,YES
35,1.3183,0.6319,0.5059,0.6947,0.6951,YES
36,1.3866,0.6034,0.5013,0.6571,0.6519,NO
37,1.2771,0.5264,0.4108,0.5890,0.5795,NO
38,1.3950,0.5568,0.4003,0.6302,0.6399,NO
39,1.3358,0.5658,0.4471,0.6254,0.6248,NO
40,1.3110,0.5016,0.4259,0.5543,0.5246,NO
41,1.3591,0.4671,0.3194,0.5354,0.5464,NO
42,1.3698,0.5422,0.4422,0.5976,0.5867,NO
43,1.2614,0.5502,0.4365,0.6139,0.6003,NO
44,1.3351,0.5355,0.4307,0.5692,0.6065,NO
45,1.2367,0.5368,0.1863,0.7110,0.7131,NO
46,1.3046,0.6577,0.5531,0.7351,0.6848,YES
47,1.2697,0.6419,0.5283,0.7214,0.6759,NO
48,1.2426,0.5165,0.4118,0.5594,0.5784,NO
49,1.2543,0.5861,0.4456,0.6701,0.6427,NO
50,1.2406,0.6078,0.4579,0.6737,0.6917,NO
51,1.2079,0.5714,0.4493,0.6313,0.6335,NO
52,1.3082,0.4782,0.3018,0.5632,0.5695,NO
53,1.3168,0.4956,0.3015,0.5875,0.5976,NO
54,1.2304,0.5789,0.4466,0.6320,0.6582,NO
55,1.1921,0.6925,0.6059,0.7333,0.7384,YES
56,1.2395,0.5950,0.3675,0.6871,0.7304,NO
57,1.3456,0.4872,0.3971,0.5520,0.5125,NO
58,1.2659,0.6865,0.5718,0.7644,0.7234,NO
59,1.2643,0.5819,0.4232,0.6795,0.6428,NO
60,1.2403,0.5855,0.4431,0.6410,0.6724,NO
61,1.2492,0.3939,0.3091,0.4092,0.4634,NO
62,1.1938,0.5862,0.3759,0.6849,0.6978,NO
63,1.2152,0.6412,0.5235,0.7062,0.6941,NO
64,1.2034,0.5073,0.3513,0.5007,0.6699,NO
65,1.1939,0.6029,0.3530,0.7406,0.7151,NO
66,1.2235,0.7045,0.5816,0.7726,0.7593,YES
67,1.2461,0.6866,0.5645,0.7554,0.7399,NO
68,1.1977,0.6349,0.4910,0.7051,0.7086,NO
69,1.1698,0.7146,0.6219,0.7714,0.7504,YES
70,1.1746,0.6709,0.5136,0.7620,0.7371,NO
71,1.1815,0.6243,0.4550,0.6852,0.7327,NO
72,1.2517,0.5805,0.4762,0.5756,0.6897,NO
73,1.2149,0.5411,0.4515,0.5912,0.5806,NO
74,1.2139,0.6286,0.5445,0.6735,0.6679,NO
75,1.2714,0.5838,0.3991,0.6802,0.6723,NO
76,1.2601,0.6634,0.5045,0.7320,0.7536,NO
77,1.2075,0.5822,0.4686,0.6297,0.6483,NO
78,1.1842,0.6532,0.5126,0.6928,0.7542,NO
79,1.1989,0.7192,0.6310,0.7694,0.7571,YES
80,1.2002,0.7204,0.6562,0.7516,0.7535,YES
81,1.1055,0.6363,0.4626,0.7058,0.7407,NO
82,1.1539,0.5250,0.3207,0.5630,0.6912,NO
83,1.1639,0.5922,0.4717,0.6782,0.6267,NO
84,1.1345,0.6281,0.5451,0.6841,0.6550,NO
85,1.1493,0.5350,0.3954,0.5841,0.6254,NO
86,1.1832,0.6326,0.5343,0.6756,0.6878,NO
87,1.1179,0.6308,0.5563,0.6448,0.6915,NO
88,1.1471,0.6247,0.4913,0.6800,0.7029,NO
89,1.1305,0.5609,0.4019,0.5998,0.6809,NO
90,1.1833,0.6383,0.4929,0.6999,0.7223,NO
91,1.2108,0.6402,0.5188,0.6650,0.7369,NO
92,1.1292,0.6078,0.4895,0.6323,0.7017,NO
93,1.1387,0.5046,0.3688,0.5135,0.6314,NO
94,1.1923,0.5270,0.4117,0.5144,0.6550,NO
95,1.1549,0.5749,0.4968,0.6197,0.6081,NO
96,1.1598,0.7095,0.5901,0.7766,0.7618,NO
97,1.1601,0.6538,0.5458,0.7048,0.7107,NO
98,1.0986,0.5458,0.3698,0.6122,0.6553,NO
99,1.2102,0.4516,0.2786,0.5129,0.5634,NO
100,1.2414,0.5631,0.5663,0.5454,0.5777,NO
101,1.1769,0.5610,0.3544,0.6366,0.6920,NO
102,1.1415,0.6121,0.4805,0.6482,0.7075,NO
103,1.1783,0.5791,0.4609,0.6407,0.6358,NO
104,1.2014,0.6379,0.5677,0.6635,0.6826,NO
105,1.1727,0.6497,0.5033,0.7076,0.7382,NO
106,1.1631,0.6621,0.5203,0.7321,0.7340,NO
107,1.1250,0.6494,0.5572,0.6750,0.7160,NO
108,1.1359,0.6582,0.4708,0.7504,0.7535,NO
109,1.1170,0.5973,0.5054,0.6107,0.6758,NO
110,1.1446,0.6750,0.5105,0.7546,0.7598,NO
111,1.1183,0.5948,0.4618,0.6259,0.6966,NO
112,1.0813,0.6309,0.5179,0.6417,0.7332,NO
113,1.0697,0.5801,0.4226,0.5964,0.7212,NO
114,1.1152,0.6211,0.4950,0.6216,0.7467,NO
115,1.0823,0.7275,0.6427,0.7854,0.7543,YES
116,1.1052,0.7349,0.6349,0.7966,0.7734,YES
117,1.1213,0.6697,0.5786,0.7243,0.7063,NO
118,1.0580,0.6367,0.4614,0.7253,0.7234,NO
119,1.1045,0.6338,0.5183,0.6820,0.7010,NO
120,1.0910,0.7031,0.6417,0.7422,0.7255,NO
121,1.0770,0.6724,0.5629,0.7318,0.7224,NO
122,1.0865,0.6793,0.5423,0.7390,0.7567,NO
123,1.0889,0.6874,0.5850,0.7510,0.7262,NO
124,1.1293,0.6843,0.5630,0.7450,0.7450,NO
125,1.1240,0.6824,0.5402,0.7554,0.7517,NO
126,1.1223,0.7089,0.5944,0.7717,0.7606,NO
127,1.0714,0.6892,0.5927,0.7403,0.7347,NO
128,1.0878,0.6645,0.4756,0.7683,0.7496,NO
129,1.1001,0.6580,0.5630,0.6657,0.7452,NO
130,1.0582,0.6096,0.4951,0.5914,0.7422,NO
131,1.0398,0.5867,0.4113,0.6167,0.7319,NO
132,1.0685,0.6844,0.5462,0.7378,0.7693,NO
133,1.0460,0.7312,0.6499,0.7893,0.7544,NO
134,1.0539,0.7468,0.6662,0.7988,0.7755,YES
135,1.0699,0.7147,0.6167,0.7799,0.7476,NO
136,1.0084,0.6654,0.5233,0.7311,0.7419,NO
137,1.0478,0.6756,0.5468,0.7392,0.7409,NO
138,1.0380,0.7525,0.6859,0.8072,0.7643,YES
139,1.0198,0.7303,0.6329,0.7903,0.7677,NO
140,1.0357,0.7007,0.5552,0.7745,0.7725,NO
141,1.0441,0.7065,0.6138,0.7637,0.7420,NO
142,1.0782,0.6983,0.5946,0.7395,0.7607,NO
143,1.0860,0.6938,0.5588,0.7680,0.7547,NO
144,1.0872,0.6464,0.5454,0.6554,0.7385,NO
145,1.0441,0.7019,0.5928,0.7530,0.7600,NO
146,1.0360,0.6934,0.5444,0.7780,0.7579,NO
147,1.0445,0.6713,0.5375,0.7274,0.7491,NO
148,1.0805,0.6991,0.5416,0.7858,0.7700,NO
149,1.1027,0.6397,0.5235,0.6386,0.7571,NO
150,1.0576,0.7139,0.6072,0.7804,0.7540,NO
151,1.0717,0.6967,0.6299,0.7361,0.7241,NO
152,1.1105,0.7191,0.6190,0.7683,0.7701,NO
153,1.0515,0.7364,0.6343,0.7984,0.7764,NO
154,1.0866,0.7433,0.6551,0.8094,0.7655,NO
155,1.1044,0.7290,0.6805,0.7417,0.7649,NO
156,1.0660,0.6125,0.4830,0.6404,0.7141,NO
157,1.0644,0.6215,0.4484,0.7144,0.7015,NO
158,1.1146,0.6942,0.5700,0.7443,0.7684,NO
159,1.0459,0.7238,0.6263,0.7678,0.7773,NO
160,1.0733,0.6578,0.4998,0.7020,0.7715,NO
161,1.0926,0.6599,0.5932,0.6444,0.7419,NO
162,1.0958,0.6621,0.4788,0.7516,0.7559,NO
163,1.0473,0.7607,0.6999,0.8116,0.7705,YES
164,1.0761,0.7160,0.6200,0.7664,0.7617,NO
165,1.0116,0.6720,0.5374,0.7012,0.7773,NO
166,1.1074,0.7073,0.5887,0.7550,0.7781,NO
167,1.0185,0.7159,0.5862,0.7930,0.7686,NO
168,1.0619,0.7262,0.6082,0.7942,0.7761,NO
169,1.0756,0.7214,0.5985,0.7854,0.7804,NO
170,1.1308,0.7221,0.6151,0.7884,0.7628,NO
171,1.0545,0.7291,0.6217,0.7834,0.7823,NO
172,1.0894,0.7492,0.6493,0.8177,0.7805,NO
173,1.0061,0.7295,0.5965,0.8168,0.7752,NO
174,1.0646,0.7488,0.6863,0.8006,0.7594,NO
175,1.0612,0.7546,0.6821,0.8084,0.7735,NO
176,1.0234,0.5709,0.4652,0.5948,0.6526,NO
177,1.0500,0.7393,0.6461,0.7968,0.7749,NO
178,1.0469,0.7438,0.6360,0.8111,0.7842,NO
179,1.0233,0.7262,0.6328,0.7728,0.7730,NO
180,1.0654,0.6840,0.5688,0.7394,0.7438,NO
181,1.0518,0.6968,0.5358,0.7755,0.7790,NO
182,1.0228,0.6065,0.4707,0.6315,0.7173,NO
183,1.0134,0.7407,0.6612,0.7875,0.7735,NO
184,1.0312,0.6542,0.5170,0.7005,0.7451,NO
185,1.1484,0.6773,0.5495,0.7489,0.7334,NO
186,1.0638,0.7488,0.6588,0.8167,0.7710,NO
187,1.0800,0.7063,0.5613,0.7979,0.7598,NO
188,1.0704,0.7233,0.6054,0.7838,0.7808,NO
189,1.0762,0.6951,0.5830,0.7453,0.7571,NO
190,1.0351,0.7281,0.6111,0.7963,0.7769,NO
191,1.0315,0.7270,0.5957,0.7981,0.7872,NO
192,0.9820,0.6700,0.5278,0.7277,0.7544,NO
193,1.0252,0.7330,0.6382,0.7891,0.7718,NO
194,1.0304,0.7451,0.6333,0.8167,0.7853,NO
195,1.0684,0.7456,0.6407,0.8160,0.7800,NO
196,1.0294,0.7430,0.6600,0.7814,0.7874,NO
197,1.0172,0.7601,0.6650,0.8251,0.7902,NO
198,1.0088,0.7434,0.6332,0.8128,0.7841,NO
199,1.0359,0.6399,0.4957,0.6616,0.7623,NO
200,1.0802,0.6631,0.5552,0.6827,0.7512,NO
201,1.0434,0.7334,0.6710,0.7625,0.7667,NO
202,1.0082,0.7377,0.6388,0.7943,0.7799,NO
203,1.0625,0.7125,0.5548,0.8013,0.7814,NO
204,1.0427,0.7045,0.6070,0.7255,0.7811,NO
205,1.0187,0.6305,0.5086,0.6608,0.7219,NO
206,1.0298,0.7280,0.6317,0.7613,0.7912,NO
207,1.0375,0.7603,0.6863,0.8113,0.7833,NO
208,1.0259,0.6709,0.5925,0.6793,0.7408,NO
209,0.9767,0.6736,0.5305,0.7157,0.7746,NO
210,1.0130,0.7303,0.6094,0.8058,0.7758,NO
211,0.9923,0.7473,0.6545,0.8101,0.7772,NO
212,0.9864,0.7415,0.6692,0.7680,0.7874,NO
213,1.0061,0.7343,0.6185,0.8020,0.7823,NO
214,1.0320,0.7022,0.6157,0.7391,0.7518,NO
215,0.9861,0.7569,0.6661,0.8162,0.7885,NO
216,1.0254,0.7664,0.6966,0.8155,0.7870,YES
217,0.9887,0.7028,0.5807,0.7745,0.7532,NO
218,1.0000,0.7438,0.6338,0.8103,0.7874,NO
219,1.0215,0.7380,0.6311,0.8122,0.7706,NO
220,0.9817,0.7095,0.6173,0.7506,0.7607,NO
221,1.0260,0.7246,0.6181,0.7763,0.7794,NO
222,0.9900,0.7067,0.6151,0.7359,0.7692,NO
223,0.9678,0.7087,0.6218,0.7323,0.7720,NO
224,0.9876,0.7487,0.6472,0.8103,0.7886,NO
225,0.9938,0.7422,0.6557,0.7927,0.7783,NO
226,0.9913,0.7572,0.6739,0.8126,0.7850,NO
227,1.0083,0.7268,0.6041,0.7947,0.7815,NO
228,0.9477,0.7140,0.6048,0.7614,0.7759,NO
229,1.0011,0.7711,0.7102,0.8232,0.7799,YES
230,0.9964,0.7713,0.6999,0.8266,0.7874,YES
231,0.9626,0.7452,0.6389,0.8114,0.7853,NO
232,0.9757,0.7594,0.6547,0.8295,0.7941,NO
233,0.9925,0.7784,0.7168,0.8343,0.7841,YES
234,1.0092,0.7037,0.5959,0.7411,0.7742,NO
235,1.0230,0.7319,0.6444,0.7730,0.7783,NO
236,1.0208,0.6917,0.5821,0.7290,0.7639,NO
237,0.9800,0.7594,0.6754,0.8117,0.7910,NO
238,0.9756,0.7531,0.6563,0.8142,0.7888,NO
239,0.9767,0.7355,0.6185,0.8009,0.7870,NO
240,1.0178,0.7488,0.6376,0.8215,0.7874,NO
241,1.0127,0.6388,0.5332,0.6149,0.7682,NO
242,0.9770,0.7562,0.6609,0.8190,0.7888,NO
243,0.9790,0.7061,0.5994,0.7455,0.7733,NO
244,1.0277,0.7578,0.6720,0.8146,0.7867,NO
245,0.9704,0.7582,0.6577,0.8226,0.7941,NO
246,0.9926,0.7596,0.6663,0.8233,0.7893,NO
247,1.0038,0.7687,0.6915,0.8273,0.7872,NO
248,0.9590,0.6824,0.6042,0.7099,0.7329,NO
249,0.9749,0.7396,0.6238,0.8053,0.7898,NO
250,1.0283,0.6716,0.5844,0.7041,0.7263,NO
251,0.9744,0.7497,0.6586,0.7996,0.7908,NO
252,0.9979,0.7225,0.6074,0.7729,0.7873,NO
253,0.9970,0.7555,0.6741,0.8098,0.7827,NO
254,1.0061,0.7286,0.6152,0.7870,0.7835,NO
255,0.9569,0.7617,0.6770,0.8169,0.7911,NO
256,0.9689,0.7056,0.5647,0.7674,0.7846,NO
257,0.9349,0.7405,0.6384,0.7909,0.7923,NO
258,1.0029,0.7523,0.6711,0.8010,0.7848,NO
259,0.9485,0.7462,0.6529,0.7960,0.7897,NO
260,0.9492,0.7357,0.6279,0.7898,0.7894,NO
261,0.9794,0.7454,0.6511,0.8027,0.7823,NO
262,1.0240,0.7655,0.6843,0.8233,0.7890,NO
263,0.9824,0.7289,0.6105,0.7847,0.7916,NO
264,1.0118,0.7396,0.6514,0.7759,0.7914,NO
265,0.9322,0.7313,0.6245,0.7850,0.7845,NO
266,0.9815,0.7535,0.6598,0.8152,0.7854,NO
267,0.9791,0.7702,0.7015,0.8209,0.7883,NO
268,0.9520,0.7334,0.6286,0.7926,0.7790,NO
269,0.9850,0.7640,0.6885,0.8122,0.7914,NO
270,0.9873,0.7432,0.6168,0.8190,0.7939,NO
271,0.9587,0.7743,0.6997,0.8343,0.7890,NO
272,0.9964,0.7468,0.6473,0.8056,0.7875,NO
273,0.9697,0.7522,0.6468,0.8189,0.7910,NO
274,0.9328,0.7661,0.6849,0.8218,0.7916,NO
275,0.9438,0.7689,0.6864,0.8293,0.7911,NO
276,0.9710,0.7469,0.6558,0.8013,0.7837,NO
277,0.9944,0.7330,0.6374,0.7806,0.7810,NO
278,0.9747,0.7698,0.6935,0.8249,0.7909,NO
279,0.9849,0.7638,0.6693,0.8279,0.7941,NO
280,0.9924,0.7522,0.6528,0.8125,0.7913,NO
281,0.9962,0.7618,0.6759,0.8189,0.7905,NO
282,0.9700,0.7534,0.6541,0.8148,0.7915,NO
283,0.9520,0.7403,0.6311,0.8034,0.7865,NO
284,0.9176,0.7504,0.6515,0.8098,0.7899,NO
285,0.9483,0.7299,0.6183,0.7855,0.7859,NO
286,0.9664,0.7695,0.6815,0.8330,0.7942,NO
287,0.9905,0.7586,0.6632,0.8210,0.7916,NO
288,0.9497,0.7566,0.6659,0.8142,0.7898,NO
289,0.9395,0.7661,0.6750,0.8287,0.7947,NO
290,0.9422,0.7517,0.6547,0.8103,0.7902,NO
291,0.9685,0.7602,0.6728,0.8166,0.7910,NO
292,1.0021,0.7630,0.6688,0.8248,0.7952,NO
293,0.9561,0.7586,0.6639,0.8189,0.7931,NO
294,0.9405,0.7537,0.6624,0.8078,0.7910,NO
295,0.9794,0.7617,0.6713,0.8207,0.7930,NO
296,0.9717,0.7510,0.6532,0.8087,0.7911,NO
297,0.9447,0.7465,0.6465,0.8029,0.7902,NO
298,0.9632,0.7465,0.6502,0.8019,0.7875,NO
299,0.9730,0.7526,0.6589,0.8093,0.7897,NO
300,0.9600,0.7563,0.6650,0.8134,0.7905,NO
