Missing Modalities,Present Modalities,Dice WT,Dice TC,Dice ET,Mean Dice,HD95 WT,HD95 TC,HD95 ET
T1ce+T2+FLAIR,T1,0.6219,0.5768,0.3902,0.5296,0.0,0.0,0.0
T1+T2+FLAIR,T1ce,0.6582,0.7471,0.7746,0.7266,0.0,0.0,0.0
T1+T1ce+FLAIR,T2,0.8065,0.6644,0.4876,0.6528,0.0,0.0,0.0
T1+T1ce+T2,FLAIR,0.8049,0.6265,0.4324,0.6213,0.0,0.0,0.0
T2+FLAIR,T1+T1ce,0.6942,0.8038,0.8134,0.7705,0.0,0.0,0.0
T1ce+FLAIR,T1+T2,0.8287,0.6741,0.5034,0.6687,0.0,0.0,0.0
T1ce+T2,T1+FLAIR,0.8665,0.6799,0.4783,0.6749,0.0,0.0,0.0
T1+FLAIR,T1ce+T2,0.8314,0.8277,0.831,0.83,0.0,0.0,0.0
T1+T2,T1ce+FLAIR,0.8648,0.8242,0.8322,0.8404,0.0,0.0,0.0
T1+T1ce,T2+FLAIR,0.8713,0.6937,0.5149,0.6933,0.0,0.0,0.0
FLAIR,T1+T1ce+T2,0.8377,0.8236,0.8376,0.8329,0.0,0.0,0.0
T2,T1+T1ce+FLAIR,0.8698,0.8339,0.8389,0.8475,0.0,0.0,0.0
T1ce,T1+T2+FLAIR,0.882,0.7051,0.5223,0.7032,0.0,0.0,0.0
T1,T1ce+T2+FLAIR,0.8853,0.8474,0.8436,0.8587,0.0,0.0,0.0
None,T1+T1ce+T2+FLAIR,0.8861,0.847,0.8424,0.8585,0.0,0.0,0.0
